{
   "gpt-3.5-turbo": 0,
   "gpt-3.5-turbo-16k": 0,
   "gpt-3.5-turbo-1106": 0.05719100000000006,
   "gpt-4": 2.525819999999998,
   "gpt-4-1106-preview": 1.1688099999999997
}