{
    "gpt-3.5-turbo": 0.0033104999999999996,
    "gpt-3.5-turbo-16k": 0.002971,
    "gpt-4": 0
}