{
    "gpt-3.5-turbo": 0.0085745,
    "gpt-3.5-turbo-16k": 0.028290999999999997,
    "gpt-4": 0
}