{
    "gpt-3.5-turbo": 0.058010000000000006,
    "gpt-3.5-turbo-16k": 0.192824,
    "gpt-4": 0
}