{
    "gpt-3.5-turbo": 0.033345000000000014,
    "gpt-3.5-turbo-16k": 0.11099999999999997,
    "gpt-4": 0
}