{
    "gpt-3.5-turbo": 0.0123705,
    "gpt-3.5-turbo-16k": 0.047497,
    "gpt-4": 0
}