{
    "gpt-3.5-turbo": 0.021855000000000003,
    "gpt-3.5-turbo-16k": 0.075705,
    "gpt-4": 0
}