{
    "gpt-3.5-turbo": 0.01122,
    "gpt-3.5-turbo-16k": 0.039278,
    "gpt-4": 0
}