{
   "gpt-3.5-turbo": 0,
   "gpt-3.5-turbo-16k": 0,
   "gpt-3.5-turbo-1106": 0.001314,
   "gpt-4": 0.3013800000000001,
   "gpt-4-1106-preview": 0.07314000000000001
}